model,accuracy,macro_precision,macro_recall,macro_f1_score,weighted_f1_score,model_size_mb,avg_inference_time_seconds
simple_cnn,0.9184224743381956,0.9262157583913936,0.9154271224857691,0.9165798808393071,0.9175031016226467,1.3254871368408203,0.004940689465172915
mobilenetv2,0.9524581307401405,0.9520601250444578,0.9521879899765417,0.951662306413661,0.9520535837314363,9.30799674987793,0.022182254402972213
mobilenetv2_finetuned,0.9643435980551054,0.9656053063595786,0.964326259480754,0.963800821478466,0.9641591687593519,20.835153579711914,0.022191571204825986
