model,accuracy,macro_precision,macro_recall,macro_f1_score,weighted_f1_score,model_size_mb,avg_inference_time_seconds
simple_cnn,0.9184224743381956,0.9262157583913936,0.9154271224857691,0.9165798808393071,0.9175031016226467,1.3254871368408203,0.0011612439384116814
mobilenetv2,0.9529983792544571,0.9526247489071253,0.952708823309875,0.9522428690518662,0.9526231783397502,9.30799674987793,0.0021490368222582285
mobilenetv2_finetuned,0.9648838465694219,0.966224954733219,0.9648492720330553,0.9643625508881677,0.9646969465873618,20.835153579711914,0.002050975918422474
